place_id,name,link,main_category,categories,rating,reviews,address,website,open_hours,is_spending_on_ads,last_updated,"latitude, longitude",neighborhood,average_atmosphere_score,average_food_score,average_service_score,average_price,Recommended dishes,Service options,Offerings,Dining options,Atmosphere,Crowd,Children,Accessibility,Amenities,Payments,Parking,Planning,Activities,Pets,Getting here,Highlights,From the business,Recycling,Popular for,average_review_date,days_since_average_review_date,success_score
ChIJpaXv6kIb2jERaR2t1KW20sk,Lazy Lizard - NEWest,https://www.google.com/maps/place/Lazy+Lizard+-+NEWest/data=!4m7!3m6!1s0x31da1b42eaefa5a5:0xc9d2b6a5d4ad1d69!8m2!3d1.3164178!4d103.7577178!16s%2Fg%2F11ghzkwbl1!19sChIJpaXv6kIb2jERaR2t1KW20sk?authuser=0&hl=en&rclk=1,Restaurant,"['Restaurant', 'Bar']",4.7,791.0,"1 West Coast Drive #01-85 & #01-86, Lazy Lizard - NEWest, NEWest, 128020",https://lazylizard.com.sg/,"{'Thursday': [12, 0, 22, 30], 'Friday': [12, 0, 0, 0], 'Saturday': [11, 0, 0, 0], 'Sunday': [11, 0, 22, 30], 'Monday': [12, 0, 22, 30], 'Tuesday': [12, 0, 22, 30], 'Wednesday': [12, 0, 22, 30]}",False,1747890937,"(1.3164178, 103.7577178)",Clementi,4.655172413793103,4.609195402298851,4.709302325581396,33.01587301587302,"Rack of Pork, Har Cheong Chicken Burger, Mains, Rack of Pork, Fish and Chips, Mains, Rack of Pork, Sausage Pizza, Fish and Chips, Pasta Carbonara, Soup, Wings, Pasta Carbonara, Carbonara, Pesto Shrimp Pizza, Carbonara Pasta, Mains, Fish and Chips, Carbonara Pasta, Mains, Har Cheong Chicken Burger, Har Cheong Chicken Burger, 2 Pints of Hoegaarden for 25, Pesto Shrimp Pizza, Pesto, Pesto, Mains, Beck's, Carbonara Pasta, Soup, Fish and Chips, Fish and Chips, Crabby Pesto, Soup, Sausage Pizza, Pasta Carbonara, Carbonara, Mains, Lazy Lizards Sirloin, Wings, Fish and Chips, Spicy Mussels, 2 Pints of Hoegaarden for 25, Mains, Mains, Carbonara, Carbonara Pasta, Fish and Chips, Meat Platter, Har Cheong Chicken Burger, Loop Fries, Lazy Lizard Big Breakfast, Fish and Chips, Wings","Outdoor seating, No-contact delivery, Delivery, Takeaway, Dine-in","Alcohol, Beer, Cocktails, Coffee, Halal food, Happy-hour drinks, Late-night food, Organic dishes, Salad bar, Small plates, Spirits, Vegetarian options, Wine","Breakfast, Brunch, Lunch, Dinner, Dessert, Seating","Casual, Cosy","Family friendly, Groups, LGBTQ+ friendly, Transgender safe space","Good for kids, High chairs, Kids' menu","Wheelchair-accessible car park, Wheelchair-accessible entrance, Wheelchair-accessible seating","Bar on site, Toilets","Credit cards, Debit cards, NFC mobile payments, Credit cards","Paid parking lot, Plenty of parking","Reservations required, Accepts reservations",,"Dogs allowed, Dogs allowed outside",,"Great cocktails, Sport",,,,2024-05-05 22:02:10.909090816,444.0,85.15
ChIJO2p_TiIa2jERYTSzmsYImjw,Open Farm Community,https://www.google.com/maps/place/Open+Farm+Community/data=!4m7!3m6!1s0x31da1a224e7f6a3b:0x3c9a08c69ab33461!8m2!3d1.3058298!4d103.8155908!16s%2Fg%2F11btysvr89!19sChIJO2p_TiIa2jERYTSzmsYImjw?authuser=0&hl=en&rclk=1,Restaurant,"['Restaurant', 'Brunch restaurant', 'Cafe', 'Event venue', 'Farm shop', 'Lunch restaurant', 'Delivery Restaurant', 'Takeaways', 'Wedding venue', 'Wine bar']",4.2,2158.0,"130E Minden Rd, Open Farm Community, Singapore 248819",http://www.openfarmcommunity.com/,"{'Thursday': [12, 0, 15, 0], 'Friday': [12, 0, 15, 0], 'Saturday': [11, 0, 15, 30], 'Sunday': [11, 0, 15, 30], 'Monday': [12, 0, 15, 0], 'Tuesday': [12, 0, 15, 0], 'Wednesday': [12, 0, 15, 0]}",False,1747890938,"(1.3058298, 103.8155908)",Tanglin,4.516129032258065,4.387096774193548,4.376344086021505,68.75,"Tiberias Golden Snapper Ceviche, Cauliflower Wings, Cauliflower Wings, Sweet Corn Chumichuri, Smoked Salmon Open Face, Tiberias Barramundi, Cauliflower Wings, Sweet Potato Tortellini, Coconut Sugar Panna Cotta Pineapple Confiture Lychee Piña Colada Granite, Brunch 'Carbonara, Pili Nut Tart Kombu Short Crust Sesame Whip, Cauliflower Wings, Cauliflower Wings, Brunch 'Carbonara, Pili Nut Tart Kombu Short Crust Sesame Whip, Coconut Sugar Panna Cotta Pineapple Confiture Lychee Piña Colada Granite","Outdoor seating, Delivery, On-site services, Takeaway, Dine-in","Alcohol, Beer, Cocktails, Coffee, Organic dishes, Small plates, Spirits, Vegan options, Vegetarian options, Wine","Breakfast, Brunch, Lunch, Dinner, Dessert, Seating","Casual, Cosy","Family friendly, Groups","Good for kids, High chairs, Kids' menu","Wheelchair-accessible car park, Wheelchair-accessible entrance, Wheelchair-accessible seating, Wheelchair-accessible toilet","Bar on site, Toilets, Wi-Fi, Free Wi-Fi","Credit cards, Debit cards, NFC mobile payments, Credit cards","Free parking lot, Plenty of parking",Accepts reservations,,Dogs allowed,,Great cocktails,,,,2024-07-29 03:55:38.181818112,359.0,83.51
ChIJwW2HxhIZ2jERPfuslwkUPNg,Hopscotch (Gillman Barracks),https://www.google.com/maps/place/Hopscotch+%28Gillman+Barracks%29/data=!4m7!3m6!1s0x31da1912c6876dc1:0xd83c140997acfb3d!8m2!3d1.2746282!4d103.8039026!16s%2Fg%2F11b6bt997y!19sChIJwW2HxhIZ2jERPfuslwkUPNg?authuser=0&hl=en&rclk=1,Restaurant,"['Restaurant', 'Grill', 'Bar & grill', 'Cocktail bar']",4.6,2166.0,"45 Malan Rd, Hopscotch (Gillman Barracks), Singapore 109455",https://www.hopscotch.sg/,"{'Thursday': [12, 0, 14, 30], 'Friday': [12, 0, 14, 30], 'Saturday': [12, 0, 14, 30], 'Sunday': [12, 0, 14, 30], 'Monday': [12, 0, 14, 30], 'Tuesday': [12, 0, 14, 30], 'Wednesday': [12, 0, 14, 30]}",False,1747898606,"(1.2746282, 103.8039026)",Bukit Merah,4.631578947368421,4.16,4.426666666666667,48.72093023255814,"Mid Autumn Delight, XO Sticky Back Ribs, Truffle Fries with Cheese, Fish and Chips, Lobster Bisque, Hops Wagyu Burger, XO Sticky Back Ribs, Onion Rings, Roast Duck Pizza, XO Sticky Back Ribs, Chicken Karaage, Garlic Brussel Sprouts, Buttermilk Cereal Prawn Burger, XO Sticky Back Ribs, XO Sticky Back Ribs, Mid Autumn Delight, Chilli Crab Pizza, Fish and Chips, Truffle Mushroom Soup, XO Sticky Back Ribs, Truffle Mushroom Soup, Signature Fried Chicken, Roast Duck Pizza, Truffle Mushroom Soup","Outdoor seating, Kerbside pickup, No-contact delivery, Delivery, Takeaway, Dine-in","Alcohol, Beer, Cocktails, Coffee, Happy-hour drinks, Late-night food, Small plates, Spirits, Vegan options, Vegetarian options, Wine","Lunch, Dinner, Dessert, Seating","Casual, Cosy","Family friendly, Groups, LGBTQ+ friendly",High chairs,"Wheelchair-accessible car park, Wheelchair-accessible entrance, Wheelchair-accessible seating","Bar on site, Gender-neutral toilets, Toilets, Wi-Fi, Free Wi-Fi","Credit cards, Debit cards, NFC mobile payments, Credit cards","Free parking lot, Paid parking lot, Paid street parking, Plenty of parking",Accepts reservations,,Dogs allowed,,"Great cocktails, Live music",,,,2024-03-19 12:26:10.909090816,491.0,86.97
ChIJR7uT4K8X2jERl5TKyLx7L0E,Grapevine Cafe Bar & Restaurant,https://www.google.com/maps/place/Grapevine+Cafe+Bar+%26+Restaurant/data=!4m7!3m6!1s0x31da17afe093bb47:0x412f7bbcc8ca9497!8m2!3d1.355462!4d103.8793532!16s%2Fg%2F1tj7133g!19sChIJR7uT4K8X2jERl5TKyLx7L0E?authuser=0&hl=en&rclk=1,Restaurant,"['Restaurant', 'Bar', 'Bistro', 'Cafe']",4.1,299.0,"Upper Serangoon Rd, #787 Grapevine Cafe Bar & Restaurant, Singapore 534655",https://www.facebook.com/grapevine787/,"{'Thursday': [16, 0, 0, 0], 'Friday': [16, 0, 0, 0], 'Saturday': [16, 0, 0, 0], 'Sunday': [16, 0, 0, 0], 'Monday': [16, 0, 0, 0], 'Tuesday': [16, 0, 0, 0], 'Wednesday': [16, 0, 0, 0]}",False,1747893361,"(1.355462, 103.8793532)",Hougang,4.296296296296297,4.2592592592592595,4.296296296296297,50.294117647058826,"Truffle Fries, Fried Chicken Skin, Beer Battered Cod Fish & Chips, Truffle Fries, Fried Chicken Skin, Bangers & Mash, Sambal Sotong, Truffle Fries, Truffle Fries, Fried Chicken Skin, Beer Battered Cod Fish & Chips, Truffle Fries, Fried Chicken Skin, Bangers & Mash, Sambal Sotong, Truffle Fries","Outdoor seating, No-contact delivery, Delivery, Takeaway, Dine-in","Alcohol, Beer, Cocktails, Coffee, Happy-hour drinks, Late-night food, Small plates, Spirits, Wine","Lunch, Dinner, Dessert, Seating","Casual, Cosy",Groups,High chairs,"Wheelchair-accessible car park, Wheelchair-accessible toilet","Bar on site, Toilets","Credit cards, Debit cards, NFC mobile payments, Credit cards",,Accepts reservations,,Dogs allowed,,"Great cocktails, Sport",,,,2021-05-29 21:36:00.000000000,1516.0,71.78
ChIJy-OrtEEX2jER3ldP20jfM4U,The Carpenters Bar,https://www.google.com/maps/place/The+Carpenters+Bar/data=!4m7!3m6!1s0x31da1741b4abe3cb:0x8533df48db4f57de!8m2!3d1.4612794!4d103.808044!16s%2Fg%2F11fhv21dsd!19sChIJy-OrtEEX2jER3ldP20jfM4U?authuser=0&hl=en&rclk=1,Bistro,['Bistro'],4.5,1070.0,"28 Woodlands Sector 2, The Carpenters Bar, Inside Woodlands Connection Building, Singapore 737686",http://www.thecarpentersbar.com.sg/,"{'Thursday': [12, 0, 0, 0], 'Friday': [12, 0, 0, 0], 'Saturday': [12, 0, 0, 0], 'Monday': [12, 0, 22, 30], 'Tuesday': [12, 0, 22, 30], 'Wednesday': [12, 0, 22, 30]}",False,1747896981,"(1.4612794, 103.808044)",Sembawang,4.575757575757576,4.378787878787879,4.696969696969697,47.903225806451616,"Thin Crust Pizza, Western, Beer Bucket, Thin Crust Pizza, Fries, Burger, Fries, Charcoal Beef Burger, Burger, Charcoal Beef Burger, Okinawa Pizza Supreme Pizza, Pizzas, Carlsberg Tower, Tapas, Okinawa Pizza Supreme Pizza, Fries, Western, Okinawa Pizza Supreme Pizza, Burger, Chicken and Mushroom Baked Rice, Fish & Chips, Burger, Fries, Tapas, Beer Bucket, Fish & Chips, Burger, Fries, Beer Bucket, Mookata, Japanese Yakitori Platter, Western, Fish & Chips, Spaghetti Aglio E Olio, Burger, Charcoal Beef Burger, Chicken and Mushroom Baked Rice, Carlsberg Tower, Western, Pizza Waikiki, Pork Cutlet, Okinawa Pizza Supreme Pizza, Pizza Waikiki, Thin Crust Pizza, Fries, Okinawa Pizza Supreme Pizza, Carlsberg Tower, 1664 Blanc Tower, Cutlet, Fish & Chips, Carlsberg Tower, Fish & Chips, Burger, Thin Crust Pizza, Fries, Mookata, Beer Bucket","Outdoor seating, Takeaway, Dine-in","Alcohol, Beer, Cocktails, Coffee, Happy-hour drinks, Late-night food, Small plates, Spirits, Wine","Lunch, Dinner, Dessert, Seating","Casual, Cosy","Family friendly, Groups, LGBTQ+ friendly","Good for kids, High chairs, Kids' menu","Wheelchair-accessible car park, Wheelchair-accessible entrance, Wheelchair-accessible seating","Bar on site, Toilets","Cheques, Credit cards, Debit cards, NFC mobile payments, Credit cards","Free parking lot, Plenty of parking",Accepts reservations,,Dogs allowed,,Great cocktails,,,,2024-02-12 13:40:48.000000000,527.0,83.71
ChIJl0gztCwU2jEREJMD-bby0iI,YOUNGS Restaurant & Bar,https://www.google.com/maps/place/YOUNGS+Restaurant+%26+Bar/data=!4m7!3m6!1s0x31da142cb4334897:0x22d2f2b6f9039310!8m2!3d1.4070942!4d103.8675995!16s%2Fg%2F11cs4m0c08!19sChIJl0gztCwU2jEREJMD-bby0iI?authuser=0&hl=en&rclk=1,Restaurant,"['Restaurant', 'Bar']",4.2,2374.0,"3 Hyde Park Gate, YOUNGS Restaurant & Bar, Seletar Aerospace Park, Singapore 799531",https://www.youngs.com.sg/,"{'Thursday': [11, 30, 23, 0], 'Friday': [11, 30, 0, 0], 'Saturday': [10, 0, 0, 0], 'Sunday': [10, 0, 23, 0], 'Monday': [11, 30, 23, 0], 'Tuesday': [11, 30, 23, 0], 'Wednesday': [11, 30, 23, 0]}",False,1747896990,"(1.4070942, 103.8675995)",Seletar,4.054794520547945,3.75,4.041095890410959,41.42857142857143,"Chill Out, Nacho Chips, Molten Chocolate Lava Cake, Flank Steak, Nachos, Truffle Fries with Cheese Plate, Fresh Oysters, Mussels Pot, Chill Out, Soup of the Day, Fresh Oysters, Rosti, Sharing Platter, Mussels Marinara, Rosti, Fresh Oysters, Mussels Pot, Fresh Oysters, Sharing Platter, Mussels Pot, Spicy Pulled Pork Pizza, Spicy Pulled Pork Pizza, Sharing Platter, Spicy Pulled Pork Pizza, Chill Out, Mussels Marinara, Chill Out, Nacho Chips, Molten Chocolate Lava Cake, Flank Steak, Nachos, Truffle Fries with Cheese Plate, Fresh Oysters, Mussels Pot, Chill Out, Soup of the Day, Fresh Oysters, Rosti, Sharing Platter, Mussels Marinara, Rosti, Fresh Oysters, Mussels Pot, Fresh Oysters, Sharing Platter, Mussels Pot, Spicy Pulled Pork Pizza, Spicy Pulled Pork Pizza, Sharing Platter, Spicy Pulled Pork Pizza, Chill Out, Mussels Marinara","Outdoor seating, No-contact delivery, Delivery, Takeaway, Dine-in","Alcohol, Beer, Cocktails, Coffee, Happy-hour drinks, Happy-hour food, Late-night food, Private dining room, Small plates, Spirits, Vegetarian options, Wine","Breakfast, Brunch, Lunch, Dinner, Dessert, Seating","Casual, Cosy","Family friendly, Groups, LGBTQ+ friendly","Good for kids, High chairs, Kids' menu","Wheelchair-accessible car park, Wheelchair-accessible entrance, Wheelchair-accessible seating, Wheelchair-accessible toilet","Bar on site, Toilets","Credit cards, Debit cards, NFC mobile payments, Credit cards","Paid parking lot, Paid street parking, Plenty of parking","Reservations required, Accepts reservations",,"Dogs allowed, Dogs allowed outside",,Live music,,,,2024-04-16 10:48:00.000000000,463.0,83.36
ChIJM1FBC0MZ2jER8CHuM5VsGIE,OMD Café & Bar,https://www.google.com/maps/place/OMD+Caf%C3%A9+%26+Bar/data=!4m7!3m6!1s0x31da19430b415133:0x81186c9533ee21f0!8m2!3d1.3040086!4d103.9023912!16s%2Fg%2F11twtstct1!19sChIJM1FBC0MZ2jER8CHuM5VsGIE?authuser=0&hl=en&rclk=1,Cafe,"['Cafe', 'Animal cafe', 'Bar', 'Dog cafe', 'Pub']",4.7,221.0,"12 E Coast Rd, OMD Café & Bar, Singapore 428723",,"{'Thursday': [8, 0, 22, 0], 'Friday': [8, 0, 22, 0], 'Saturday': [8, 0, 22, 0], 'Sunday': [8, 0, 22, 0], 'Monday': [8, 0, 22, 0], 'Tuesday': [8, 0, 22, 0]}",False,1747903485,"(1.3040086, 103.9023912)",Marine Parade,4.752688172043011,4.559139784946237,4.731182795698925,35.58196721311475,"Mac N Cheese, Seafood Pasta, Baked Salmon Steak, Calamari, Chicken Chop, Burger and Fries, Burger and Fries, Seafood Pasta, Chicken Chop, Chicken Chop, Seafood Pasta, Mac & Cheese, Burger and Fries, Baked Salmon Steak, Mac & Cheese, Chicken Chop, Baked Salmon Steak, Carbonara, Chicken Wings, OMD Baked Brie Cheese, Burger and Fries, Chicken Chop, Pork and Chicken Satay, Burger and Fries, Chicken Chop, Pork and Chicken Satay, Burger and Fries, Chicken Wings, Calamari, Burger and Fries, Pork and Chicken Satay","Outdoor seating, Kerbside pickup, Delivery, Takeaway, Dine-in","Alcohol, Beer, Cocktails, Coffee, Happy-hour drinks, Late-night food, Small plates, Spirits, Vegetarian options, Wine","Breakfast, Brunch, Lunch, Dinner, Dessert, Seating","Casual, Cosy","Family friendly, Groups, LGBTQ+ friendly","Good for kids, High chairs, Kids' menu","Wheelchair-accessible car park, Wheelchair-accessible seating","Bar on site, Gender-neutral toilets, Toilets, Wi-Fi, Free Wi-Fi","Credit cards, Debit cards, NFC mobile payments, Credit cards","Free of charge street parking, Paid parking lot, Paid street parking, Plenty of parking",Accepts reservations,,Dogs allowed,,"Live performances, Sport",Identifies as women-owned,,,2024-08-24 12:43:12.000000000,333.0,81.8
ChIJLf9HfRoY2jERRMBaKGLGTrk,APSN Café for All,https://www.google.com/maps/place/APSN+Caf%C3%A9+for+All/data=!4m7!3m6!1s0x31da181a7d47ff2d:0xb94ec662285ac044!8m2!3d1.317846!4d103.8998136!16s%2Fg%2F11g6lwdt67!19sChIJLf9HfRoY2jERRMBaKGLGTrk?authuser=0&hl=en&rclk=1,Cafe,['Cafe'],4.8,216.0,"11 Jln Ubi, #01-51, Block 6 APSN Café for All, Kembangan Chai Chee Community Hub, Singapore 409074",http://www.facebook.com/apsncafeforall,"{'Thursday': [9, 30, 16, 0], 'Friday': [9, 30, 16, 0], 'Saturday': [9, 30, 14, 30], 'Monday': [9, 30, 16, 0], 'Tuesday': [9, 30, 16, 0], 'Wednesday': [9, 30, 16, 0]}",False,1747903485,"(1.317846, 103.8998136)",Geylang,4.92,4.92,4.94,15.067567567567568,"Grilled Fish, Grilled Chicken, Fish, Grilled Chicken, Grilled Fish, Grilled Chicken, Grilled Chicken, Grilled Chicken, Grilled Chicken, Lemon Lime Chicken Chop, Enjoy the Coffee, Grilled Chicken, Black Pepper Chicken, Double Up Chicken, Enjoy the Coffee, New York Cheese Cake, Lemon Lime Chicken Chop, Lemon Meringue Tart, Grilled Chicken, Black Pepper Chicken, Grilled Fish, Grilled Chicken, Grilled Chicken, Grilled Chicken, New York Cheese Cake, Grilled Chicken, Chilli, Fish, Grilled Chicken, Lemon Meringue Tart, Spaghetti Fiesta Meal Includes Cream of Mushroom Soup, Grilled Chicken, Grilled Fish","Outdoor seating, Delivery, Takeaway, Dine-in","Coffee, Organic dishes, Prepared foods, Small plates, Vegetarian options","Breakfast, Brunch, Lunch, Dinner, Catering, Dessert, Seating","Casual, Cosy","Family friendly, Groups, LGBTQ+ friendly, Transgender safe space","Good for kids, High chairs, Kids' menu","Wheelchair-accessible car park, Wheelchair-accessible entrance, Wheelchair-accessible seating, Wheelchair-accessible toilet","Toilets, Wi-Fi, Free Wi-Fi","Cash only, Credit cards, Debit cards, NFC mobile payments, Credit cards","Free parking lot, Plenty of parking",Accepts reservations,,"Dogs allowed, Dogs allowed outside",,"Live music, Live performances",,,,2022-09-23 14:24:00.000000000,1034.0,79.82
ChIJFQjxnAQa2jEROiUvD4BattU,Bee's Knees at The Garage,https://www.google.com/maps/place/Bee%27s+Knees+at+The+Garage/data=!4m7!3m6!1s0x31da1a049cf10815:0xd5b65a800f2f253a!8m2!3d1.318974!4d103.815589!16s%2Fg%2F11dxb1w_rf!19sChIJFQjxnAQa2jEROiUvD4BattU?authuser=0&hl=en&rclk=1,Cafe,['Cafe'],4.0,1756.0,"Cluny Park Rd, Level 1 Bee's Knees at The Garage, The Garage, 50, Singapore 257488",https://www.beesknees.sg/,"{'Thursday': [8, 0, 22, 0], 'Friday': [8, 0, 22, 0], 'Saturday': [8, 0, 22, 0], 'Sunday': [8, 0, 22, 0], 'Monday': [8, 0, 22, 0], 'Tuesday': [8, 0, 22, 0], 'Wednesday': [8, 0, 22, 0]}",False,1747897916,"(1.318974, 103.815589)",Tanglin,3.757575757575758,3.4545454545454546,3.4545454545454546,30.208333333333332,"English Breakfast, Avocado, Kurobuta Ham Bagel Eggs Benny, Beef Cheek Bolognese, Beef Cheek Bolognese, English Breakfast, Beef Cheek Bolognese, Fish & Chips, Spicy Duck Loaded Fries, Pinche Chicken Sandwich, Smoked Duck Aglio Olio, Smoked Duck Aglio Olio, Beef Cheek Bolognese, Pinche Chicken Sandwich, Pan Roasted Salmon, Smoked Duck Aglio Olio, Fish & Chips, Fish & Chips, Shrooms Bagel Eggs Benny, Churros, Tater Tots, English Breakfast, Avocado, Kurobuta Ham Bagel Eggs Benny, Beef Cheek Bolognese, Beef Cheek Bolognese, English Breakfast, Beef Cheek Bolognese, Fish & Chips, Spicy Duck Loaded Fries, Pinche Chicken Sandwich, Smoked Duck Aglio Olio, Smoked Duck Aglio Olio, Beef Cheek Bolognese, Pinche Chicken Sandwich, Pan Roasted Salmon, Smoked Duck Aglio Olio, Fish & Chips, Fish & Chips, Shrooms Bagel Eggs Benny, Churros, Tater Tots","Outdoor seating, No-contact delivery, Delivery, On-site services, Takeaway, Dine-in","Alcohol, Beer, Cocktails, Coffee, Small plates, Spirits","Breakfast, Brunch, Lunch, Dinner, Dessert, Seating","Casual, Cosy","Family friendly, Groups","Good for kids, High chairs, Kids' menu","Wheelchair-accessible car park, Wheelchair-accessible entrance, Wheelchair-accessible seating, Wheelchair-accessible toilet","Bar on site, Toilets","Credit cards, NFC mobile payments","Paid parking lot, Plenty of parking",Accepts reservations,,Dogs allowed,,Live performances,,,,2023-10-18 17:27:16.363636480,644.0,79.71
ChIJRZsLfzs82jERdIDS29tBjQI,The Coastal Settlement,https://www.google.com/maps/place/The+Coastal+Settlement/data=!4m7!3m6!1s0x31da3c3b7f0b9b45:0x28d41dbdbd28074!8m2!3d1.3889899!4d103.9778095!16s%2Fg%2F1hc4bgf70!19sChIJRZsLfzs82jERdIDS29tBjQI?authuser=0&hl=en&rclk=1,Restaurant,"['Restaurant', 'Bar', 'Cafe']",4.2,2390.0,"200 Netheravon Rd, The Coastal Settlement, Singapore 508529",http://www.thecoastalsettlement.com/,"{'Thursday': [10, 30, 23, 0], 'Friday': [10, 30, 23, 0], 'Saturday': [8, 30, 23, 0], 'Sunday': [8, 30, 22, 0], 'Monday': [10, 30, 23, 0], 'Tuesday': [10, 30, 23, 0], 'Wednesday': [10, 30, 23, 0]}",False,1747898315,"(1.3889899, 103.9778095)",Changi,4.6,4.226666666666667,4.266666666666667,46.14754098360656,"The Settlement Big Breakfast, Fish & Chips, Mocha Latte, Smoked Salmon Rosti Sausage, Truffle Fries, The Settlement Big Breakfast, TCS Nasi Lemak, Wagyu Beef Pizza, High Tea Set, Baby Back Ribs 38, Wagyu, Wagyu, Wagyu Cheese Burger, Truffle Fries, Fish & Chips, Truffle Fries, TCS Nasi Lemak, Portobello Fries, The Settlement Big Breakfast, Wagyu Cheese Burger, Truffle Fries, Wagyu, The Settlement Big Breakfast, Smoked Salmon Rosti Sausage, TCS Nasi Lemak, Portobello Fries, Fish & Chips, Fish, High Tea Set, The Settlement Big Breakfast, Mocha Latte, Wagyu, Portobello Fries, Hokkien Mee, Fish, Portobello Fries, The Settlement Big Breakfast, Smoked Salmon Rosti Sausage, The Settlement Big Breakfast, Truffle Fries, The Settlement Big Breakfast, Truffle Fries, Soup, High Tea Set, The Settlement Big Breakfast, TCS Nasi Lemak, Wagyu Beef Pizza, The Settlement Big Breakfast, Wagyu Cheese Burger, Baby Back Ribs 38, Wagyu, The Settlement Big Breakfast, Smoked Salmon Rosti Sausage, Wagyu Cheese Burger, Truffle Fries, Fish & Chips, Wagyu Beef Pizza, Pulled Pork Benedict, Truffle Fries","Outdoor seating, No-contact delivery, Delivery, On-site services, Takeaway, Dine-in","Alcohol, Beer, Cocktails, Coffee, Late-night food, Small plates, Spirits, Wine","Breakfast, Brunch, Lunch, Dinner, Dessert, Seating","Casual, Cosy",Groups,"Good for kids, High chairs, Kids' menu","Wheelchair-accessible car park, Wheelchair-accessible entrance, Wheelchair-accessible seating, Wheelchair-accessible toilet","Bar on site, Toilets","Credit cards, Debit cards, NFC mobile payments, Credit cards","Free of charge street parking, Free parking lot",Accepts reservations,,Dogs allowed,,Great cocktails,,,,2024-03-27 19:55:12.000000000,483.0,83.3
ChIJCUEDxqgZ2jERLoWQ7ycLoQ8,Paulaner Bräuhaus Singapore,https://www.google.com/maps/place/Paulaner+Br%C3%A4uhaus+Singapore/data=!4m7!3m6!1s0x31da19a8c6034109:0xfa10b27ef90852e!8m2!3d1.2930767!4d103.8582873!16s%2Fg%2F1v0lh8rt!19sChIJCUEDxqgZ2jERLoWQ7ycLoQ8?authuser=0&hl=en&rclk=1,German restaurant,"['German restaurant', 'Beer garden', 'Brewery']",4.6,3558.0,"9 Raffles Boulevard, #01-01, Millenia Walk, Paulaner Bräuhaus Singapore, 039596",https://www.paulaner-brauhaus-singapore.com/,"{'Thursday': [11, 0, 0, 0], 'Friday': [11, 0, 1, 0], 'Saturday': [11, 0, 1, 0], 'Sunday': [11, 0, 0, 0], 'Monday': [11, 0, 0, 0], 'Tuesday': [11, 0, 0, 0], 'Wednesday': [11, 0, 0, 0]}",False,1747894788,"(1.2930767, 103.8582873)",Downtown Core,4.8,4.6,4.9,50.714285714285715,"Pork Schnitzel with Fries, Crispy Pork Knuckle, Wiener Schnitzel","Outdoor seating, Kerbside pickup, No-contact delivery, Delivery, Takeaway, Dine-in","Alcohol, Beer, Cocktails, Coffee, Happy-hour drinks, Happy-hour food, Late-night food, Organic dishes, Small plates, Spirits, Vegan options, Vegetarian options, Wine","Brunch, Lunch, Dinner, Dessert, Seating","Casual, Cosy","Family friendly, Groups, LGBTQ+ friendly, Transgender safe space","Good for kids, High chairs","Wheelchair-accessible car park, Wheelchair-accessible entrance, Wheelchair-accessible seating, Wheelchair-accessible toilet","Bar on site, Toilets, Wi-Fi, Free Wi-Fi","Credit cards, Debit cards, NFC mobile payments, Credit cards","Free parking lot, Paid parking lot, Plenty of parking",Accepts reservations,,Dogs allowed,,"Live music, Rooftop seating, Sport",Identifies as women-owned,,,2025-04-18 16:48:00.000000000,96.0,90.1
ChIJ225l_0Ma2jERCNNkY0Fmqr0,Bodacious bar & bistro,https://www.google.com/maps/place/Bodacious+bar+%26+bistro/data=!4m7!3m6!1s0x31da1a43ff656edb:0xbdaa66416364d308!8m2!3d1.3032732!4d103.7918353!16s%2Fg%2F11b6qhzrnm!19sChIJ225l_0Ma2jERCNNkY0Fmqr0?authuser=0&hl=en&rclk=1,Restaurant,"['Restaurant', 'Cafe']",4.1,365.0,"70 Biopolis St, #01-05 Bodacious bar & bistro, Singapore 138547",,"{'Thursday': [11, 0, 22, 0], 'Friday': [11, 0, 22, 0], 'Monday': [11, 0, 22, 0], 'Tuesday': [11, 0, 22, 0], 'Wednesday': [11, 0, 22, 0]}",False,1747900932,"(1.3032732, 103.7918353)",Queenstown,4.333333333333333,4.4,4.266666666666667,39.23076923076923,"Truffle Fries, Fish, Fish&Chips, Tiramisu, Truffle Fries, Roasted Cauliflower, Fish&Chips, Tiramisu, Truffle Fries, Signature Lobster Roll, Fish&Chips, Beer Batter Fried Fish and Chips, Tiramisu, Roasted Cauliflower, Bodacious Special Burger, Fish&Chips, Beer Batter Fried Fish and Chips, Fish&Chips","Outdoor seating, Takeaway, Dine-in","Alcohol, Beer, Cocktails, Coffee, Happy-hour drinks, Small plates, Spirits, Wine","Brunch, Lunch, Dinner, Dessert, Seating","Casual, Cosy",Groups,High chairs,"Wheelchair-accessible entrance, Wheelchair-accessible seating",Bar on site,"Credit cards, Debit cards, NFC mobile payments, Credit cards",,Accepts reservations,,"Dogs allowed, Dogs allowed outside",,Great cocktails,,,,2022-11-02 17:02:24.000000000,994.0,74.55
ChIJaUeopZsQ2jER5lgsno5fs3s,"Le Rida (Mediterranean. French. North Indian).Bukit Timah, Six Avenue","https://www.google.com/maps/place/Le+Rida+%28Mediterranean.+French.+North+Indian%29.Bukit+Timah,+Six+Avenue/data=!4m7!3m6!1s0x31da109ba5a84769:0x7bb35f8e9e2c58e6!8m2!3d1.3331651!4d103.790322!16s%2Fg%2F11c1p5qmkp!19sChIJaUeopZsQ2jER5lgsno5fs3s?authuser=0&hl=en&rclk=1",Mediterranean restaurant,"['Mediterranean restaurant', 'French restaurant', 'Greek restaurant', 'Indian restaurant', 'Lebanese restaurant', 'Turkish restaurant']",4.1,655.0,"903 Bukit Timah Rd, Le Rida (Mediterranean. French. North Indian).Bukit Timah, Six Avenue, Singapore 589620",http://lerida.com.sg/,"{'Thursday': [11, 0, 14, 30], 'Friday': [11, 0, 14, 30], 'Saturday': [11, 0, 23, 0], 'Sunday': [11, 0, 23, 0], 'Monday': [11, 0, 14, 30], 'Tuesday': [11, 0, 14, 30], 'Wednesday': [11, 0, 14, 30]}",False,1747890761,"(1.3331651, 103.790322)",Bukit Timah,4.2,4.3,4.5,54.0,"Homemade Fresh Pita Bread, Shirazy Kebab, Mezze Platter, Indian Kebab Platter for 4 Pax, Tikka, Homemade Fresh Pita Bread, Saffron Rice, Kebab, Homemade Fresh Pita Bread, Kebab, Lamb Chops, Butter Chicken, Cheese Sticks, Saffron Rice, Kebab","Outdoor seating, Kerbside pickup, No-contact delivery, Delivery, Drive-through, On-site services, Takeaway, Dine-in","Alcohol, Beer, Braille menu, Cocktails, Coffee, Halal food, Happy-hour drinks, Happy-hour food, Late-night food, Organic dishes, Salad bar, Small plates, Spirits, Vegan options, Vegetarian options, Wine","Brunch, Lunch, Dinner, Catering, Counter service, Dessert, Seating","Casual, Cosy","Family friendly, Groups","Good for kids, High chairs, Kids' menu","Wheelchair-accessible car park, Wheelchair-accessible entrance, Wheelchair-accessible seating, Wheelchair-accessible toilet","Bar on site, Toilets, Wi-Fi, Free Wi-Fi","Cheques, Credit cards, Debit cards, NFC mobile payments, Credit cards","Free of charge street parking, Free parking lot, Plenty of parking",Accepts reservations,,Dogs allowed outside,,Sport,,,,2025-01-14 09:36:00.000000000,190.0,79.64
ChIJQ6vp0p4Q2jERP7DoFs_sID8,"Indian Curry House - Bukit Timah Rd ,Sixth Avenue Centre","https://www.google.com/maps/place/Indian+Curry+House+-+Bukit+Timah+Rd+,Sixth+Avenue+Centre/data=!4m7!3m6!1s0x31da109ed2e9ab43:0x3f20eccf16e8b03f!8m2!3d1.3313948!4d103.7951244!16s%2Fg%2F1tfw0jzx!19sChIJQ6vp0p4Q2jERP7DoFs_sID8?authuser=0&hl=en&rclk=1",Indian restaurant,"['Indian restaurant', 'Biryani restaurant', 'Fine dining restaurant', 'Indian takeaway', 'Modern Indian restaurant', 'North Indian restaurant']",4.1,420.0,"805 Bukit Timah Rd, #01-03 Indian Curry House - Bukit Timah Rd ,Sixth Avenue Centre, Sixth Avenue Center, Singapore 279883",https://indiancurryhousedeliveries.oddle.me/en_SG/,"{'Thursday': [10, 30, 22, 30], 'Friday': [10, 30, 22, 30], 'Saturday': [10, 30, 22, 30], 'Sunday': [10, 30, 22, 30], 'Monday': [10, 30, 22, 30], 'Tuesday': [10, 30, 22, 30], 'Wednesday': [10, 30, 22, 30]}",False,1747890762,"(1.3313948, 103.7951244)",Bukit Timah,4.066666666666666,4.5625,4.25,37.5,"Tandoori, Chicken Tikka Masala, Butter Naan, Naan Basket, Hyderbadi Chicken Briyani, Chicken Tikka Masala, Butter Chicken, Tandoori, Chicken Biryani, Naan Basket, Chicken Tikka Masala, Butter Chicken, Tandoori, Chicken Biryani, Butter Naan, Mama Mia Mutton, Naan Basket, Chicken Tikka Masala, Lacha Parata","Outdoor seating, Kerbside pickup, No-contact delivery, Delivery, Takeaway, Dine-in","Alcohol, Beer, Cocktails, Coffee, Halal food, Happy-hour drinks, Happy-hour food, Organic dishes, Private dining room, Small plates, Spirits, Vegetarian options, Wine","Brunch, Lunch, Dinner, Catering, Dessert, Seating","Casual, Cosy","Family friendly, Groups","Good for kids, High chairs, Kids' menu","Wheelchair-accessible car park, Wheelchair-accessible entrance, Wheelchair-accessible seating, Wheelchair-accessible toilet","Toilets, Wi-Fi, Free Wi-Fi","Cash only, Credit cards, Debit cards, NFC mobile payments, Credit cards","Paid parking lot, Somewhat difficult to find a space","Reservations required, Accepts reservations",,Dogs allowed outside,,"Fireplace, Sport",Identifies as women-owned,,,2021-05-24 11:16:48.000000000,1521.0,72.77
ChIJB9KJMW4X2jER61vdmVZ88E4,Trovato,https://www.google.com/maps/place/Trovato/data=!4m7!3m6!1s0x31da176e3189d207:0x4ef07c5699dd5beb!8m2!3d1.385475!4d103.872786!16s%2Fg%2F11s533j4qf!19sChIJB9KJMW4X2jER61vdmVZ88E4?authuser=0&hl=en&rclk=1,Italian restaurant,"['Italian restaurant', 'Bar', 'Cafe', 'Dessert restaurant', 'Pasta shop', 'Pizza restaurant', 'Singaporean restaurant']",4.4,582.0,"26 Jln Selaseh, Trovato, Singapore 808445",http://www.trovato.sg/,"{'Thursday': [11, 0, 22, 0], 'Friday': [11, 0, 23, 0], 'Saturday': [10, 30, 23, 0], 'Sunday': [10, 30, 23, 0], 'Tuesday': [11, 0, 22, 0], 'Wednesday': [11, 0, 22, 0]}",False,1747894536,"(1.385475, 103.872786)",Serangoon,4.4,3.9,4.45,48.05555555555556,"Tiramisu Cake Slice, Tiramisu Cake Slice, Tagliatelle Carbonara, Trovato Pizza, Tagliatelle Pesto V, Tiramisu Cake Slice, Pepperoni Pizza, Baked Camembert, Tagliatelle Carbonara, Tiramisu Cake Slice, Truffle Fries V, Tagliatelle Carbonara, Tiramisu Cake Slice, Tiramisu Cake Slice, Tagliatelle Carbonara, Trovato Pizza, Tagliatelle Pesto V, Tiramisu Cake Slice, Pepperoni Pizza, Baked Camembert, Tagliatelle Carbonara, Tiramisu Cake Slice, Truffle Fries V, Tagliatelle Carbonara","Outdoor seating, Kerbside pickup, No-contact delivery, Delivery, Takeaway, Dine-in","Alcohol, Beer, Cocktails, Coffee, Happy-hour drinks, Small plates, Spirits, Vegetarian options, Wine","Breakfast, Brunch, Lunch, Dinner, Counter service, Dessert, Seating","Casual, Cosy","Family friendly, Groups, LGBTQ+ friendly, Transgender safe space","Good for kids, High chairs, Kids' menu",Wheelchair-accessible seating,"Bar on site, Toilets, Wi-Fi, Free Wi-Fi","Credit cards, Debit cards, NFC mobile payments, Credit cards","Paid parking lot, Paid street parking, Somewhat difficult to find a space",Accepts reservations,,"Dogs allowed, Dogs allowed outside",,Fireplace,,,,2024-12-11 08:48:00.000000000,224.0,82.15
ChIJW85aW4QZ2jERx-urdmisqr4,Charcoal Grill & Bar by Kurry Korner,https://www.google.com/maps/place/Charcoal+Grill+%26+Bar+by+Kurry+Korner/data=!4m7!3m6!1s0x31da19845b5ace5b:0xbeaaac6876abebc7!8m2!3d1.2952497!4d103.8296918!16s%2Fg%2F11b5wpw71s!19sChIJW85aW4QZ2jERx-urdmisqr4?authuser=0&hl=en&rclk=1,Indian restaurant,"['Indian restaurant', 'Grill', 'Bar', 'Bar & grill', 'Indian takeaway', 'Modern Indian restaurant']",4.2,312.0,"417 River Valley Rd, Charcoal Grill & Bar by Kurry Korner, Singapore 248316",http://charcoal.sg/,"{'Thursday': [11, 30, 14, 30], 'Friday': [11, 30, 14, 30], 'Saturday': [11, 30, 23, 0], 'Sunday': [11, 30, 23, 0], 'Monday': [11, 30, 14, 30], 'Tuesday': [11, 30, 14, 30], 'Wednesday': [11, 30, 14, 30]}",False,1747899086,"(1.2952497, 103.8296918)",Tanglin,4.15625,4.542857142857143,4.606060606060606,38.57142857142857,"Butter Chicken, Papadi Chaat, Butter Chicken, Sev Puri, Hoegaarden, Samosa Chaat, Amristari Fish Fry, Chicken Achari Tikka, Vegetable Seekh Kebab, Chicken Dum Biryani, Butter Chicken, Tandoor Prawns, Dahi Potato Puri, Buttered Chicken, Chicken Tikka Masala, Veg Thali, Kurry Korner Special Chicken Handi, Papadi Chaat, Gulab Jamun, Butter Chicken, Papadi Chaat, Butter Chicken, Sev Puri, Samosa Chaat, Amristari Fish Fry, Dahi Potato Puri, Buttered Chicken, Chicken Tikka Masala, Papadi Chaat, Samosa Chaat, Butter Chicken, Papadi Chaat, Papadi Chaat, Butter Chicken","Takeaway, Dine-in","Alcohol, All you can eat, Beer, Cocktails, Happy-hour drinks, Happy-hour food, Late-night food, Spirits, Vegetarian options, Wine","Brunch, Lunch, Dinner, Catering, Counter service, Dessert, Seating","Casual, Cosy","Family friendly, Groups, LGBTQ+ friendly, Transgender safe space","Good for kids, High chairs, Kids' menu",Wheelchair-accessible seating,"Bar on site, Toilets, Wi-Fi, Free Wi-Fi","Cash only, Credit cards, Debit cards, NFC mobile payments, Credit cards","Paid parking lot, Paid street parking",Accepts reservations,,"Dogs allowed, Dogs allowed outside",,Sport,,,,2022-03-24 19:51:16.363636480,1217.0,74.15
ChIJJemS1tIV2jERDIQYdg9cohs,Wheeler's Estate,https://www.google.com/maps/place/Wheeler%27s+Estate/data=!4m7!3m6!1s0x31da15d2d692e925:0x1ba25c0f7618840c!8m2!3d1.4093057!4d103.8680587!16s%2Fg%2F11c2jxnzjb!19sChIJJemS1tIV2jERDIQYdg9cohs?authuser=0&hl=en&rclk=1,Bar & grill,"['Bar & grill', 'Live music bar', 'Live music venue', 'Wedding venue']",4.1,3845.0,"2 Park Ln, Wheeler's Estate, Singapore 798386",http://wheelersestate.com/,"{'Thursday': [15, 0, 23, 0], 'Friday': [15, 0, 0, 0], 'Saturday': [9, 0, 0, 0], 'Sunday': [9, 0, 23, 0], 'Tuesday': [15, 0, 23, 0], 'Wednesday': [15, 0, 23, 0]}",False,1747897451,"(1.4093057, 103.8680587)",Seletar,4.5625,4.45,4.2875,53.38461538461539,"BBQ Pork Jowl, Die Die Must Try Pizza, Waygu Beef Burger, Signature Tomahawk Steak, Pork Jowl, Signature Tomahawk Steak, Truffle Fries, Roasted, Pork Jowl, English Breakfast, Beer Battered Fish & Chips, Waygu Beef Burger, English Breakfast, Die Die Must Try Pizza, Beer Battered Fish & Chips, Beer Battered Fish & Chips, Truffle Fries, Truffle Fries, BBQ Pork Jowl, Beer Battered Fish & Chips, Truffle Fries, Die Die Must Try Pizza, Beer Battered Fish & Chips, Waygu Beef Burger, Pork Jowl, Die Die Must Try Pizza, Pork Jowl, Beer Battered Fish & Chips, Die Die Must Try Pizza, Beer Battered Fish & Chips, Signature Tomahawk Steak, Truffle Fries, Beer Battered Fish & Chips, Die Die Must Try Pizza, Porky Pizza, Truffle Fries, Fish and Chips, Porky Pizza, Beer Battered Fish & Chips, Truffle Fries, Beer Battered Fish & Chips, BBQ Pork Jowl, Signature Tomahawk Steak, Beer Battered Fish & Chips","Outdoor seating, Takeaway, Dine-in, Delivery","Alcohol, Beer, Cocktails, Coffee, Food, Food at bar, Happy-hour drinks, Late-night food, Small plates, Spirits, Vegetarian options, Wine","Breakfast, Brunch, Lunch, Dinner, Dessert, Seating","Casual, Cosy","Family friendly, Groups","Good for kids, Good for kids birthday, High chairs, Kids' menu","Wheelchair-accessible car park, Wheelchair-accessible entrance, Wheelchair-accessible seating, Wheelchair-accessible toilet, Assistive hearing loop","Bar on site, Toilets, Wi-Fi, Free Wi-Fi","Credit cards, Debit cards, NFC mobile payments, Credit cards","Paid parking lot, Paid street parking",Accepts reservations,,Dogs allowed,,"Live music, Live performances",,,,2023-12-26 00:26:10.909090816,575.0,83.34
ChIJX7mN2wwb2jERmHzuEpJh7g8,Wildseed Café at The Alkaff Mansion,https://www.google.com/maps/place/Wildseed+Caf%C3%A9+at+The+Alkaff+Mansion/data=!4m7!3m6!1s0x31da1b0cdb8db95f:0xfee619212ee7c98!8m2!3d1.278877!4d103.813289!16s%2Fg%2F11h0_l04l9!19sChIJX7mN2wwb2jERmHzuEpJh7g8?authuser=0&hl=en&rclk=1,Cafe,['Cafe'],4.5,2942.0,"10 Telok Blangah Green, Wildseed Café at The Alkaff Mansion, Singapore 109178",https://www.wildseedcafe.sg/the-alkaff-mansion,"{'Thursday': [8, 0, 21, 0], 'Friday': [8, 0, 23, 0], 'Saturday': [8, 0, 23, 0], 'Sunday': [8, 0, 21, 0], 'Monday': [8, 0, 17, 0], 'Tuesday': [8, 0, 21, 0], 'Wednesday': [8, 0, 21, 0]}",False,1747898858,"(1.278877, 103.813289)",Bukit Merah,4.4324324324324325,4.1066666666666665,4.28,40.54545454545455,"Toast, Fries, Salad, Wagyu, Avocado, Truffle Carbonara, Burger, Cake, Avocado, Cake, Burger, Cake, Truffle Carbonara, Toast, Avocado, Cake, Soft Shell Crab Pasta, Cheese and Truffle Dip, Wagyu, Wagyu Beef Burger, Wagyu, Toast, Cake, Wagyu Burger, Fries, Truffle Carbonara, Cake, Fries, Toast, Avocado, Soft Shell Crab Pasta, Truffle Carbonara, French Toast, Toast, Fries, Truffle Carbonara, Burger, Cake, Avocado, Atas Kaya Toast, Toast, Truffle Carbonara, French Toast, Strawberry Shortcake, Soft Shell Crab Pasta, Cake, Soft Shell Crab Pasta, Salad","Outdoor seating, On-site services, Takeaway, Dine-in","Alcohol, Beer, Cocktails, Coffee, Organic dishes, Small plates, Spirits, Vegetarian options, Wine","Breakfast, Brunch, Lunch, Dinner, Catering, Dessert, Seating","Casual, Cosy","Family friendly, Groups","Good for kids, High chairs, Kids' menu","Wheelchair-accessible car park, Wheelchair-accessible entrance, Wheelchair-accessible seating","Bar on site, Toilets, Wi-Fi, Free Wi-Fi","Credit cards, Debit cards, NFC mobile payments, Credit cards","Free parking lot, Plenty of parking",Accepts reservations,,Dogs allowed,,Live performances,,,,2024-06-20 14:24:00.000000000,398.0,87.27
ChIJ_TRYOKE92jERVasC36QBWfw,Canopy Changi City Point,https://www.google.com/maps/place/Canopy+Changi+City+Point/data=!4m7!3m6!1s0x31da3da1385834fd:0xfc5901a4df02ab55!8m2!3d1.3336065!4d103.9632433!16s%2Fg%2F11s4b0zx5x!19sChIJ_TRYOKE92jERVasC36QBWfw?authuser=0&hl=en&rclk=1,Restaurant,['Restaurant'],4.6,720.0,"5 Changi Business Park Central 1, #01-70/71 Canopy Changi City Point, Changi City Point, Singapore 486038",https://www.canopygardendining.com/,"{'Thursday': [11, 30, 22, 0], 'Friday': [11, 30, 22, 0], 'Saturday': [11, 30, 22, 0], 'Sunday': [11, 30, 22, 0], 'Monday': [11, 30, 22, 0], 'Tuesday': [11, 30, 22, 0], 'Wednesday': [11, 30, 22, 0]}",False,1747890338,"(1.3336065, 103.9632433)",Tampines,4.675675675675675,4.405405405405405,4.4520547945205475,43.431372549019606,"Soft Shell Crab Pasta, Pizza Prosciutto, Grilled Breakfast, Truffle Fries, Chicken Parmigiana, Carbonara, Grilled Breakfast, Truffle Fries, Pepperoni Pizza, Truffle Fries, Carbonara, Pepperoni Pizza, Truffle Fries, Caesar Salad, Crabmeat Aglio Olio, Pepperoni Pizza, Lamb Rack, Pepperoni Pizza, Zucchini Pasta, Truffle Pasta, Cheese Cake Slice, Truffle Fries, Caesar Salad, Crabmeat Aglio Olio, Fish and Chips, Pepperoni Pizza, Beer Battered Fish 'N' Chips, Pan Seared Norwegian Salmon, Pan Seared Norwegian Salmon, Fish and Chips, Truffle Fries, Carbonara, Cauliflower Steak, Truffle Fries, Truffle Fries, Vegetarian Pizza, Truffle Pasta, Truffle Fries, Grilled Spanish Pork, Beef Cubes, Truffle Fries, Lamb Chops","Outdoor seating, Delivery, Takeaway, Dine-in","Alcohol, Beer, Cocktails, Coffee, Halal food, Happy-hour drinks, Small plates, Vegan options, Vegetarian options, Wine","Breakfast, Brunch, Lunch, Dinner, Catering, Dessert, Seating","Casual, Cosy","Family friendly, Groups","Good for kids, High chairs, Kids' menu","Wheelchair-accessible car park, Wheelchair-accessible entrance, Wheelchair-accessible seating","Bar on site, Toilets","Credit cards, Debit cards, NFC mobile payments, Credit cards","Paid parking lot, Plenty of parking",Accepts reservations,,"Dogs allowed, Dogs allowed outside",,Great cocktails,,,,2024-07-12 06:57:36.000000000,376.0,84.15
ChIJ9WhnrQwY2jER-jYA2heV9Pw,Mel's Place Restaurant & Bar,https://www.google.com/maps/place/Mel%27s+Place+Restaurant+%26+Bar/data=!4m7!3m6!1s0x31da180cad6768f5:0xfcf49517da0036fa!8m2!3d1.307533!4d103.907881!16s%2Fg%2F1tdvb2qs!19sChIJ9WhnrQwY2jER-jYA2heV9Pw?authuser=0&hl=en&rclk=1,Bar & grill,"['Bar & grill', 'Beer garden', 'Pub', 'Restaurant', 'Wine bar']",4.2,762.0,"2A Kuo Chuan Ave, Mel's Place Restaurant & Bar, Singapore 426897",http://melsplace.com.sg/,"{'Thursday': [16, 0, 1, 0], 'Friday': [16, 0, 1, 0], 'Saturday': [16, 0, 1, 0], 'Sunday': [16, 0, 0, 0], 'Monday': [16, 0, 0, 0], 'Tuesday': [16, 0, 0, 0], 'Wednesday': [16, 0, 0, 0]}",False,1747891981,"(1.307533, 103.907881)",Marine Parade,4.15,3.830508474576271,4.283333333333333,43.19444444444444,"Guinness Draft, Duck Pizza, Fried Prawn Noodles, Crayfish Hor Fun, Crayfish Hor Fun, Fried Chicken Wings, Fried Chicken Wings, Fried Chicken Wings, Fish & Chips, Fried Chicken Wings, Fish & Chips, Lamb Rack, Grilled Snapper, Duck Pizza, Fried Chicken Wings, Guinness Draft, Fish & Chips, Lamb Rack, Lamb Ribs, Steak, Lamb Rack, Fried Chicken Wings, Lamb Rack, Seafood Pasta, Crayfish Hor Fun, Fried Prawn Noodles, Ter Kar Bee Hoon, Lava Cake","Outdoor seating, Takeaway, Dine-in","Alcohol, Beer, Cocktails, Coffee, Food, Food at bar, Happy-hour drinks, Late-night food, Salad bar, Small plates, Spirits, Wine","Dinner, Counter service, Dessert, Seating","Casual, Cosy","Family friendly, Groups","Good for kids, High chairs, Kids' menu","Wheelchair-accessible entrance, Wheelchair-accessible seating, Wheelchair-accessible toilet","Bar on site, Toilets, Wi-Fi, Free Wi-Fi","Credit cards, Debit cards, Credit cards","Paid parking lot, Paid street parking, Somewhat difficult to find a space, Valet parking",Accepts reservations,,"Dogs allowed, Dogs allowed outside",,"Bar games, Sport",,,,2023-06-15 12:28:48.000000000,769.0,78.69
ChIJa4YZJG8Z2jERg4a_sKwmYgI,Little Part 1 Cafe,https://www.google.com/maps/place/Little+Part+1+Cafe/data=!4m7!3m6!1s0x31da196f2419866b:0x26226acb0bf8683!8m2!3d1.2759299!4d103.8357315!16s%2Fg%2F11dym3lr8x!19sChIJa4YZJG8Z2jERg4a_sKwmYgI?authuser=0&hl=en&rclk=1,Restaurant,"['Restaurant', 'Cafe']",4.6,558.0,"54 Blair Rd, #01-01 Little Part 1 Cafe, Singapore 089954",http://www.littlepart1cafe.com/,"{'Thursday': [11, 0, 22, 30], 'Friday': [11, 0, 22, 30], 'Saturday': [11, 0, 22, 30], 'Sunday': [10, 0, 21, 0], 'Tuesday': [11, 0, 22, 30], 'Wednesday': [11, 0, 22, 30]}",False,1747898846,"(1.2759299, 103.8357315)",Bukit Merah,4.650793650793651,4.507936507936508,4.698412698412699,34.90243902439025,"Chicken Schnitzel, Wings, Shepherd's Pie, Truffle Fries, Pizza, Burger, Fries, Buffalo Wings, Craft Beer, Craft Beer, Thin Pizza, Wings, Pizza, Buffalo Wings, Truffle Fries, Pizza, Pizza, Pizza, Wings, Craft Beer, Thin Pizza, Soup, Shepherd's Pie, Garlic Butter, Salad, Beef Stew, Buffalo Wings, Fresh Scallop Ikura Mentaiko Pasta, Truffle Fries, Pizza, Salad, Pizza, Thin Pizza, Truffle Fries, Pizza, Buffalo Wings, Truffle Fries, Pizza, Garlic Butter, Chicken Schnitzel, Pizza, Craft Beer, Pizza, Buffalo Wings, Wings, Pizza, Buffalo Wings, Shakshuka, Salad, Chicken Schnitzel, Salad, Chicken Schnitzel, Thin Pizza, Wings, Pizza, Pizza, Craft Beer, Thin Pizza, Shepherd's Pie, Truffle Fries, Pizza, Craft Beer, Thin Pizza, Truffle Fries, Salad, Craft Beer, Burger, Buffalo Wings, Craft Beer","Outdoor seating, Kerbside pickup, No-contact delivery, Delivery, Takeaway, Dine-in","Alcohol, Beer, Cocktails, Coffee, Happy-hour drinks, Late-night food, Small plates, Spirits, Vegan options, Vegetarian options, Wine","Breakfast, Brunch, Lunch, Dinner, Catering, Dessert, Seating","Casual, Cosy","Family friendly, Groups, LGBTQ+ friendly","Good for kids, High chairs","Wheelchair-accessible entrance, Wheelchair-accessible seating","Bar on site, Gender-neutral toilets, Toilets, Wi-Fi, Free Wi-Fi","Credit cards, Debit cards, NFC mobile payments, Credit cards","Paid street parking, Plenty of parking",Accepts reservations,,Dogs allowed,,Great cocktails,,,,2023-07-27 18:06:32.727272704,727.0,81.93
ChIJM3cjDu0b2jERaxTb93ojeF8,Siri House Dempsey,https://www.google.com/maps/place/Siri+House+Dempsey/data=!4m7!3m6!1s0x31da1bed0e237733:0x5f78237af7db146b!8m2!3d1.3037237!4d103.809206!16s%2Fg%2F11fjbqjjy0!19sChIJM3cjDu0b2jERaxTb93ojeF8?authuser=0&hl=en&rclk=1,Restaurant,['Restaurant'],4.4,553.0,"8D Dempsey Rd, #01-02 Siri House Dempsey, Dempsey Hill, Singapore 249672",https://www.sirihouse.com/,"{'Thursday': [11, 30, 22, 0], 'Friday': [11, 30, 23, 30], 'Saturday': [11, 30, 23, 30], 'Tuesday': [11, 30, 22, 0], 'Wednesday': [11, 30, 22, 0]}",False,1747895459,"(1.3037237, 103.809206)",Tanglin,4.641791044776119,4.567164179104478,4.588235294117647,75.66666666666667,"Pork Cheek, KFC, Broccolini, Unagi Risotto, KFC Korean Fried Cauliflower, Orange Chocolate Mousse, Scallop, Scallop Crudo, Scallop Crudo, KFC, Scallop, Unagi Risotto, Uni Cream Pasta, Unagi Risotto, KFC, Broccolini, KFC Korean Fried Cauliflower, Scallop, KFC, Unagi Risotto, Scallop Crudo, Unagi Risotto, KFC Korean Fried Cauliflower, Scallop, Scallop Crudo, KFC, Broccolini, Scallop Crudo, Broccolini, Sicilian Pistachio, Salad, KFC Korean Fried Cauliflower, Uni Cream Pasta, Scallop Crudo, Beef, Arancini 6 Pieces, Broccolini, Unagi Risotto, KFC Korean Fried Cauliflower","Outdoor seating, Delivery, On-site services, Takeaway, Dine-in","Alcohol, Beer, Cocktails, Coffee, Happy-hour drinks, Happy-hour food, Small plates, Spirits, Vegetarian options, Wine","Breakfast, Brunch, Lunch, Dinner, Catering, Dessert, Seating",Cosy,Groups,High chairs,Wheelchair-accessible seating,"Bar on site, Toilets, Wi-Fi, Free Wi-Fi","Credit cards, Debit cards, NFC mobile payments, Credit cards","Free parking lot, Plenty of parking","Reservations required, Accepts reservations",,Dogs allowed,,Great cocktails,,,,2024-01-22 08:09:36.000000000,548.0,80.65
ChIJSYJsOAoZ2jERLEJ2dY2EY7U,Sahara Bar & Restaurant,https://www.google.com/maps/place/Sahara+Bar+%26+Restaurant/data=!4m7!3m6!1s0x31da190a386c8249:0xb563848d7576422c!8m2!3d1.2873764!4d103.8492795!16s%2Fg%2F11dymvjgl3!19sChIJSYJsOAoZ2jERLEJ2dY2EY7U?authuser=0&hl=en&rclk=1,Turkish restaurant,"['Turkish restaurant', 'Bar', 'Eastern European restaurant', 'Mediterranean restaurant']",4.4,686.0,"58 Boat Quay, Sahara Bar & Restaurant, Singapore 049847",https://saharabarrestaurant.oddle.me/en_SG/,"{'Thursday': [11, 0, 23, 0], 'Friday': [11, 0, 23, 0], 'Saturday': [11, 0, 23, 0], 'Sunday': [11, 0, 23, 0], 'Monday': [11, 0, 23, 0], 'Tuesday': [11, 0, 23, 0], 'Wednesday': [11, 0, 23, 0]}",False,1747902491,"(1.2873764, 103.8492795)",Singapore River,4.803571428571429,4.672727272727273,4.649122807017544,38.217948717948715,"Mix Grill Platter, Beef Tenderloin Steak, Spinach Pide, Homemade Kunefe, Chicken, Kunefe, Cevapi, Mix Grill Platter, Greek Salad, Cevapcici, Mix Grill Platter, Mix Grill Platter, Beef Tenderloin Steak, Ćevapi U Somunu, Burek with Beef Burek SA Mesom, Mix Grill Platter, Meze Platter, Baklava, Hummus and Pita, Mix Grill Platter, Homemade Kunefe, Baba Ganoush, Meze Platter, Baklava, Ćevapi U Somunu, Hummus and Pita, Burek with Beef Burek SA Mesom, Homemade Kunefe, Falafel, Chicken Shish, Mix Grill Platter, Balkanski Ćevapi S Rižom, Pljeskavica, Ajvar, Domaca Šljivovica I Vino, Kajmak, Meze Platter, Falafel, Mix Grill Platter, Musakka, Mix Grill Platter, Meze Platter, Falafel, Beef Fillet, Hummus and Pita, Mix Grill Platter, Mix Grill Platter, Meze Platter, Baklava, Mix Grill Platter, Baklava, Hummus and Pita, Chicken Shish, Mix Grill Platter, Cevapi, Meze Platter, Baklava, Ćevapi U Somunu, Spinach Pide, Hummus and Pita, Burek with Beef Burek SA Mesom, Falafel, Mix Grill Platter, Hummus and Lamb, Mix Grill Platter","Outdoor seating, Kerbside pickup, Delivery, Takeaway, Dine-in","Alcohol, Beer, Cocktails, Coffee, Halal food, Happy-hour drinks, Late-night food, Small plates, Spirits, Vegetarian options, Wine","Lunch, Dinner, Dessert, Seating","Casual, Cosy","Family friendly, Groups, LGBTQ+ friendly","Good for kids, High chairs","Wheelchair-accessible entrance, Wheelchair-accessible seating","Bar on site, Toilets, Wi-Fi, Free Wi-Fi","Credit cards, Debit cards, NFC mobile payments, Credit cards",,Accepts reservations,,Dogs allowed,,Sport,,,,2023-09-04 07:40:48.000000000,688.0,80.71
ChIJZ4vb3H8Z2jERfg5a12lWOXg,Ceylonese Crabs,https://www.google.com/maps/place/Ceylonese+Crabs/data=!4m7!3m6!1s0x31da197fdcdb8b67:0x78395669d75a0e7e!8m2!3d1.3050692!4d103.9297045!16s%2Fg%2F11q3m7yyhn!19sChIJZ4vb3H8Z2jERfg5a12lWOXg?authuser=0&hl=en&rclk=1,Sri Lankan restaurant,"['Sri Lankan restaurant', 'Crab house', 'Seafood restaurant']",4.3,289.0,"Blk 1202 ECP, #01-02 Ceylonese Crabs, seafood centre, Singapore 449881",https://ceylonesecrabs.com.sg/,"{'Thursday': [11, 0, 23, 0], 'Friday': [11, 0, 23, 0], 'Saturday': [11, 0, 23, 0], 'Sunday': [11, 0, 23, 0], 'Tuesday': [11, 0, 23, 0], 'Wednesday': [11, 0, 23, 0]}",False,1747890217,"(1.3050692, 103.9297045)",Bedok,4.4186046511627906,4.436781609195402,4.252873563218391,40.0,"Egg Hoppers, Chicken Kottu, Roast, Watalappan, Sri Lankan Style Crab Curry with Moringa Leaves, Sawala, Hot Butter Cuttlefish, Chicken Kottu, White Rice String Hoppers, Mutton Curry, Sri Lankan Style Crab Curry with Moringa Leaves, Watalappan, Chicken Lump Rice, Egg Fried Rice, Chicken Kottu, Seafood Fried Rice, Chicken Kottu, Egg Koththu, Watalappan, Egg Fried Rice, Chicken Kottu, Egg Fried Rice, Seafood Fried Rice, Egg Koththu, Mutton Curry, Sawala, Chicken Kottu, Chicken Kottu, Pepper Crab, Grilled Jumbo Prawn, Seafood Fried Rice, Chicken Kottu, Chicken Kottu, Chicken Kottu, Chicken Kottu, Seafood Fried Rice, Chicken Kottu, Watalappan, Egg Koththu, Egg Fried Rice, Pepper Crab, Watalappan, Egg Koththu, Egg Fried Rice","Outdoor seating, Kerbside pickup, No-contact delivery, Delivery, Takeaway, Dine-in","Alcohol, All you can eat, Beer, Braille menu, Cocktails, Coffee, Halal food, Happy-hour drinks, Happy-hour food, Late-night food, Organic dishes, Private dining room, Salad bar, Small plates, Spirits, Vegan options, Vegetarian options, Wine","Brunch, Lunch, Dinner, Catering, Counter service, Dessert, Seating",Casual,"Family friendly, Groups, LGBTQ+ friendly, Transgender safe space","Good for kids, Has changing table(s), High chairs, Kids' menu","Wheelchair-accessible car park, Wheelchair-accessible entrance, Wheelchair-accessible seating, Assistive hearing loop, Wheelchair-accessible toilet","Bar on site, Gender-neutral toilets, Toilets, Wi-Fi, Free Wi-Fi","Credit cards, Debit cards, NFC mobile payments, Credit cards","Free of charge street parking, Paid parking lot, Paid street parking, Plenty of parking",Accepts reservations,,"Dogs allowed, Dogs allowed outside",,"Fireplace, Live music, Rooftop seating, Sport",,,,2024-05-25 02:24:00.000000000,424.0,78.22
